"Rk","Team","Conf","W-L","AdjEM","AdjO","AdjD","AdjT","Luck","OppAdjEM","OppO","OppD","NCAdjEM"
"1","Duke","ACC","21-2","+36.37","124.3","88.0","72.7","+.000","+9.61","107.8","98.2","+5.85"
"2","Virginia","ACC","20-2","+34.99","121.3","86.3","59.3","+.015","+6.80","106.7","99.9","-3.05"
"3","Gonzaga","WCC","23-2","+34.96","128.0","93.1","70.3","+.008","+2.73","105.9","103.1","+2.86"
"4","Michigan St.","B10","19-5","+29.81","119.8","90.0","68.1","-.028","+11.36","110.4","99.0","+3.28"
"5","Tennessee","SEC","22-1","+28.73","124.1","95.3","68.4","+.033","+5.48","105.6","100.1","+1.16"
"6","Michigan","B10","22-2","+28.01","112.6","84.5","65.0","+.013","+6.98","106.7","99.8","-5.24"
"7","Kentucky","SEC","20-3","+27.56","116.3","88.8","66.6","+.053","+7.47","108.1","100.7","+2.24"
"8","North Carolina","ACC","19-4","+26.36","119.3","92.9","75.2","+.033","+10.44","108.9","98.5","+5.90"
"9","Purdue","B10","17-6","+26.24","123.8","97.5","65.7","-.005","+11.98","109.1","97.1","+4.42"
"10","Virginia Tech","ACC","18-5","+24.67","117.5","92.8","63.9","+.009","+4.87","106.7","101.8","-6.08"
"11","Wisconsin","B10","17-7","+24.51","112.7","88.2","63.2","-.049","+11.90","109.1","97.2","+3.04"
"12","Texas Tech","B12","19-5","+23.00","107.2","84.2","66.6","+.010","+6.08","105.8","99.7","-5.53"
"13","Louisville","ACC","17-7","+22.86","116.9","94.0","66.4","-.032","+10.32","108.9","98.5","+6.42"
"14","Auburn","SEC","16-7","+22.65","119.2","96.6","69.4","-.087","+7.91","108.0","100.1","+1.89"
"15","Iowa St.","B12","18-6","+22.45","117.0","94.5","67.8","-.040","+6.90","107.6","100.7","-1.26"
"16","Kansas","B12","18-6","+21.67","114.4","92.7","69.9","+.047","+13.65","110.9","97.2","+10.81"
"17","Nevada","MWC","23-1","+21.57","115.5","93.9","69.2","+.080","+1.56","105.4","103.8","+3.04"
"18","Houston","Amer","23-1","+21.10","112.2","91.1","66.2","+.073","+1.34","103.3","101.9","-4.17"
"19","Maryland","B10","18-6","+21.01","115.0","93.9","66.1","-.016","+7.88","107.6","99.7","-4.74"
"20","Villanova","BE","19-5","+20.49","118.7","98.2","62.9","+.027","+6.96","107.6","100.6","+4.11"
"21","LSU","SEC","19-4","+20.06","116.8","96.7","70.8","+.023","+7.01","107.6","100.6","+2.52"
"22","Florida St.","ACC","18-5","+19.84","112.7","92.9","69.3","+.018","+7.74","107.8","100.1","+0.90"
"23","Texas","B12","14-10","+19.39","112.8","93.4","65.3","-.104","+10.86","109.2","98.3","+5.63"
"24","Buffalo","MAC","20-3","+18.94","113.5","94.5","74.3","+.002","+2.19","105.7","103.5","+1.30"
"25","Iowa","B10","19-5","+18.60","119.2","100.6","70.1","+.084","+7.99","107.3","99.3","-6.66"
"26","Mississippi St.","SEC","16-7","+18.56","116.1","97.5","67.9","-.034","+9.18","109.5","100.4","+2.23"
"27","Cincinnati","Amer","20-4","+17.79","112.8","95.0","62.9","+.029","+1.54","104.5","103.0","-2.35"
"28","Wofford","SC","21-4","+17.70","117.1","99.4","65.2","+.063","+1.39","105.1","103.7","+8.22"
"29","Marquette","BE","20-4","+17.61","112.9","95.3","69.2","+.096","+5.82","106.6","100.7","+0.47"
"30","Kansas St.","B12","18-5","+17.59","105.6","88.0","63.7","+.069","+7.66","107.0","99.3","+0.01"
"31","Clemson","ACC","15-8","+17.55","110.0","92.5","65.8","-.026","+7.70","106.9","99.2","+1.45"
"32","Ohio St.","B10","16-7","+17.41","110.8","93.4","65.6","+.011","+8.26","108.4","100.1","-2.27"
"33","Lipscomb","ASun","20-4","+17.31","109.9","92.6","74.0","-.026","-1.67","103.2","104.9","+6.44"
"34","Baylor","B12","15-8","+17.02","113.4","96.4","65.3","-.068","+5.85","105.7","99.8","-4.27"
"35","TCU","B12","17-6","+16.88","113.3","96.5","68.9","+.067","+7.47","106.9","99.5","-0.00"
"36","Nebraska","B10","13-11","+16.67","111.5","94.8","66.2","-.111","+10.98","108.7","97.7","+0.48"
"37","Washington","P12","19-5","+16.63","108.7","92.1","66.5","+.044","+4.89","106.6","101.7","+3.36"
"38","Florida","SEC","12-11","+16.53","107.2","90.6","63.6","-.091","+10.74","110.2","99.4","+5.53"
"39","North Carolina St.","ACC","17-7","+15.58","112.9","97.3","71.5","+.001","+4.21","105.5","101.3","-11.38"
"40","Oklahoma","B12","15-9","+15.51","108.7","93.2","69.7","+.035","+11.55","108.6","97.1","+8.03"
"41","Mississippi","SEC","16-7","+15.45","113.5","98.0","69.0","+.013","+6.29","107.6","101.4","-0.83"
"42","Syracuse","ACC","17-7","+15.35","108.8","93.5","66.0","+.039","+5.43","106.1","100.7","-0.23"
"43","Utah St.","MWC","18-6","+15.19","111.6","96.4","68.4","-.035","-0.36","104.0","104.4","+0.92"
"44","Saint Mary's","WCC","15-10","+14.77","117.3","102.5","63.8","-.068","+2.91","105.6","102.7","-0.40"
"45","Indiana","B10","13-11","+14.40","108.9","94.5","66.6","-.046","+11.27","109.0","97.7","-0.13"
"46","Alabama","SEC","15-8","+14.14","111.8","97.6","69.4","+.028","+8.41","108.8","100.4","+3.31"
"47","San Francisco","WCC","18-6","+13.99","110.4","96.4","66.9","+.008","-0.11","104.7","104.8","-5.90"
"48","VCU","A10","17-6","+13.91","101.6","87.7","69.0","-.012","+2.32","105.0","102.7","+3.54"
"49","UCF","Amer","17-5","+12.86","109.3","96.5","64.8","+.009","+0.98","103.7","102.8","-2.64"
"50","Creighton","BE","13-11","+12.84","115.0","102.2","69.0","-.050","+9.90","109.7","99.8","+6.09"
"51","Toledo","MAC","20-4","+12.62","109.4","96.8","67.8","+.081","-0.79","103.6","104.4","-5.09"
"52","Butler","BE","14-10","+12.44","111.8","99.3","65.7","-.019","+7.07","107.8","100.7","+3.30"
"53","St. John's","BE","17-7","+12.41","111.5","99.1","70.7","+.044","+4.09","105.2","101.2","-5.73"
"54","New Mexico St.","WAC","20-4","+12.37","111.6","99.2","64.9","+.059","-1.29","103.7","105.0","-2.05"
"55","Oregon","P12","15-9","+12.32","106.2","93.9","64.8","-.064","+2.59","106.1","103.5","+0.39"
"56","Minnesota","B10","16-8","+12.21","109.8","97.6","67.8","+.104","+8.51","108.5","99.9","-2.90"
"57","Arkansas","SEC","14-9","+11.83","107.9","96.0","70.9","-.024","+5.98","106.3","100.3","+0.91"
"58","Fresno St.","MWC","17-6","+11.74","108.9","97.1","67.7","-.047","-1.08","104.2","105.3","-4.22"
"59","Furman","SC","20-5","+11.56","106.7","95.2","66.8","+.058","-1.67","104.7","106.4","-3.12"
"60","Murray St.","OVC","19-4","+11.19","110.9","99.7","69.0","+.007","-5.91","100.4","106.3","-1.30"
"61","Northwestern","B10","12-11","+11.08","105.5","94.4","66.0","-.047","+7.96","106.7","98.7","-5.57"
"62","Penn St.","B10","8-15","+10.92","106.1","95.2","67.2","-.131","+12.09","109.5","97.4","+4.26"
"63","Belmont","OVC","19-4","+10.86","113.6","102.7","71.9","+.052","-1.20","102.8","104.0","+4.79"
"64","Arizona St.","P12","16-7","+10.83","107.9","97.1","71.3","+.030","+3.98","106.5","102.5","+3.08"
"65","Seton Hall","BE","14-9","+10.72","107.9","97.1","69.7","+.049","+8.54","107.8","99.2","+4.78"
"66","Dayton","A10","16-8","+10.61","111.6","101.0","64.6","-.014","+0.72","104.1","103.4","+1.50"
"67","Hofstra","CAA","21-4","+10.33","115.5","105.1","67.1","+.037","-6.14","100.5","106.7","-5.63"
"68","Liberty","ASun","21-5","+10.27","109.5","99.3","62.0","-.006","-5.67","100.7","106.3","-1.99"
"69","Vermont","AE","19-5","+10.13","109.6","99.4","65.8","+.061","-2.60","101.4","104.0","+4.20"
"70","East Tennessee St.","SC","19-7","+10.08","108.6","98.5","66.6","+.033","+0.46","105.7","105.2","-1.69"
"71","Illinois","B10","9-15","+9.82","108.8","99.0","71.5","-.098","+11.78","109.5","97.7","+3.79"
"72","Yale","Ivy","15-4","+9.72","106.9","97.2","70.9","+.101","-0.59","103.8","104.4","-2.09"
"73","Miami FL","ACC","10-13","+9.44","108.8","99.4","66.8","-.111","+7.39","107.6","100.2","-2.48"
"74","Colorado","P12","14-9","+9.27","106.4","97.2","68.6","-.051","+1.37","104.7","103.3","-4.66"
"75","Temple","Amer","17-7","+9.11","107.8","98.7","68.9","+.067","+3.70","105.3","101.6","-0.28"
"76","Providence","BE","14-10","+8.88","104.3","95.4","67.3","-.018","+4.59","107.0","102.4","-2.71"
"77","Pittsburgh","ACC","12-12","+8.88","105.2","96.3","67.9","-.102","+4.57","106.5","101.9","-9.23"
"78","Davidson","A10","17-6","+8.86","106.2","97.4","64.0","+.057","+1.06","104.5","103.5","+1.68"
"79","South Dakota St.","Sum","20-6","+8.84","111.4","102.5","70.6","-.017","-6.15","101.8","108.0","-4.59"
"80","Memphis","Amer","14-10","+8.83","109.3","100.5","74.7","-.034","+3.42","104.7","101.3","+0.79"
"81","Grand Canyon","WAC","14-9","+8.64","107.9","99.2","66.9","-.057","-0.63","103.4","104.1","+0.46"
"82","UNC Greensboro","SC","22-3","+8.60","107.4","98.8","67.9","+.153","-3.02","103.5","106.5","-3.61"
"83","Georgetown","BE","15-9","+8.51","109.4","100.9","72.8","-.020","+3.88","106.7","102.9","-3.63"
"84","Connecticut","Amer","13-11","+8.39","108.9","100.5","69.8","-.096","+0.95","104.0","103.0","-5.10"
"85","Arizona","P12","14-10","+8.34","105.1","96.7","66.8","+.004","+5.23","107.1","101.9","+4.46"
"86","BYU","WCC","16-10","+8.33","111.6","103.2","70.7","+.008","+1.53","105.4","103.9","+0.68"
"87","Northern Kentucky","Horz","20-6","+8.13","109.7","101.5","67.5","-.018","-4.05","102.5","106.5","-2.01"
"88","San Diego","WCC","16-9","+8.09","106.9","98.8","67.0","-.000","+2.28","104.7","102.4","+0.75"
"89","Notre Dame","ACC","13-11","+7.81","109.3","101.4","65.1","-.005","+5.37","106.0","100.6","-4.74"
"90","Oklahoma St.","B12","9-14","+7.59","108.9","101.3","65.6","-.039","+11.01","109.0","98.0","+5.72"
"91","UCLA","P12","12-12","+7.52","106.4","98.9","73.0","-.047","+4.90","107.4","102.5","+3.66"
"92","Rutgers","B10","11-12","+7.40","104.2","96.8","67.6","-.005","+9.20","108.3","99.1","-3.88"
"93","Oregon St.","P12","15-8","+7.39","110.0","102.6","66.2","-.000","+1.26","104.2","103.0","-3.29"
"94","South Carolina","SEC","12-11","+7.19","107.5","100.3","71.2","+.057","+9.73","108.1","98.4","+3.01"
"95","South Florida","Amer","17-6","+7.17","101.7","94.5","67.5","-.009","-3.34","101.8","105.1","-10.06"
"96","Missouri","SEC","11-11","+7.05","104.1","97.0","64.8","+.010","+7.04","108.2","101.1","-0.18"
"97","DePaul","BE","13-9","+6.90","107.9","101.0","69.8","-.009","+2.60","104.9","102.3","-10.30"
"98","Northeastern","CAA","15-9","+6.86","109.8","102.9","66.8","+.011","+0.18","105.4","105.2","+7.01"
"99","USC","P12","13-11","+6.65","107.2","100.5","70.1","-.043","+2.11","104.3","102.2","-1.05"
"100","Akron","MAC","14-9","+6.63","100.8","94.1","65.1","-.097","-1.49","103.8","105.3","-5.29"
"101","Bowling Green","MAC","16-7","+6.50","106.2","99.7","70.1","+.020","-1.10","104.2","105.3","-5.00"
"102","Georgia Tech","ACC","11-13","+6.50","97.9","91.4","67.4","-.060","+6.54","106.6","100.1","-4.42"
"103","Texas St.","SB","19-5","+6.42","103.1","96.7","65.6","+.036","-2.82","102.4","105.3","-4.70"
"104","Old Dominion","CUSA","20-6","+6.39","103.4","97.0","64.2","+.013","-3.74","100.9","104.7","-6.29"
"105","UC Irvine","BW","21-5","+6.21","103.1","96.9","65.1","+.138","-0.74","103.8","104.6","+2.10"
"106","Ball St.","MAC","13-11","+6.11","107.3","101.2","69.6","-.069","+2.28","104.6","102.4","+1.11"
"107","Texas A&M","SEC","9-13","+6.00","106.7","100.7","68.0","-.049","+8.63","107.9","99.3","-0.79"
"108","Utah","P12","13-10","+5.76","113.7","107.9","66.4","+.031","+4.45","105.5","101.0","+0.94"
"109","Utah Valley","WAC","16-7","+5.76","108.1","102.4","68.3","+.050","-0.75","104.1","104.8","+0.77"
"110","Tulsa","Amer","14-10","+5.72","105.2","99.5","69.1","+.058","+4.33","105.8","101.5","-2.70"
"111","Jacksonville St.","OVC","17-8","+5.59","102.8","97.2","67.9","-.026","-2.86","102.2","105.1","-0.94"
"112","Xavier","BE","11-13","+5.49","110.2","104.7","65.0","-.027","+6.21","107.2","101.0","+1.28"
"113","SMU","Amer","12-11","+5.41","113.0","107.6","63.9","-.094","-0.46","102.8","103.3","-5.32"
"114","Loyola Chicago","MVC","16-9","+5.36","103.5","98.2","62.9","+.016","-1.23","102.9","104.1","-0.79"
"115","Western Kentucky","CUSA","15-10","+5.32","104.3","99.0","67.8","+.023","+2.08","104.6","102.5","+5.01"
"116","Stanford","P12","12-11","+5.30","104.3","99.0","69.4","+.029","+5.13","106.5","101.3","+0.93"
"117","Charleston","CAA","20-6","+5.28","107.2","101.9","65.3","+.066","-3.40","104.0","107.4","-0.15"
"118","West Virginia","B12","10-14","+5.16","107.6","102.5","69.6","-.004","+9.30","107.2","97.9","+1.10"
"119","Georgia","SEC","10-13","+5.14","107.4","102.2","69.8","-.038","+6.98","107.4","100.4","-1.07"
"120","Georgia Southern","SB","14-10","+5.06","109.1","104.1","73.7","+.007","+3.23","105.8","102.6","+5.27"
"121","Radford","BSth","18-7","+5.06","109.6","104.5","65.0","+.037","-0.67","103.8","104.5","+7.59"
"122","Austin Peay","OVC","18-7","+5.01","108.9","103.9","70.0","+.012","-4.09","102.0","106.1","+1.73"
"123","Penn","Ivy","14-8","+4.91","106.4","101.4","68.3","+.058","+2.05","103.8","101.7","+1.37"
"124","North Texas","CUSA","20-5","+4.82","103.6","98.8","66.1","+.030","-5.32","99.5","104.9","-9.08"
"125","Boston College","ACC","11-11","+4.77","108.2","103.4","68.1","+.024","+4.48","105.6","101.1","-6.44"
"126","Wichita St.","Amer","12-11","+4.63","104.8","100.2","67.5","+.037","+5.18","105.5","100.4","+4.02"
"127","Montana","BSky","17-6","+4.40","107.1","102.7","66.9","+.045","-4.91","102.8","107.8","+4.45"
"128","Northern Illinois","MAC","12-12","+4.25","108.6","104.3","66.1","-.093","+1.79","104.7","102.9","-1.57"
"129","Southern Miss","CUSA","15-9","+4.12","104.3","100.2","65.1","+.017","+0.21","103.6","103.3","+1.42"
"130","Central Michigan","MAC","16-7","+3.98","109.7","105.8","71.1","+.038","-1.02","102.2","103.2","-8.55"
"131","Vanderbilt","SEC","9-14","+3.81","105.7","101.9","68.1","-.098","+6.20","106.8","100.6","-2.97"
"132","Harvard","Ivy","11-8","+3.80","101.9","98.1","67.0","+.002","+1.08","105.0","103.9","+4.70"
"133","Miami OH","MAC","13-11","+3.76","107.4","103.6","65.2","-.011","+2.84","105.5","102.7","-0.14"
"134","George Mason","A10","14-10","+3.74","104.0","100.3","68.7","-.017","-1.07","102.4","103.5","-2.99"
"135","Georgia St.","SB","16-8","+3.68","107.3","103.6","69.0","+.131","+2.19","105.7","103.5","+3.98"
"136","Drake","MVC","18-7","+3.58","106.5","102.9","69.1","+.118","-0.38","102.8","103.2","+1.08"
"137","Loyola Marymount","WCC","17-8","+3.49","101.5","98.0","63.1","+.075","-0.98","103.6","104.6","-4.17"
"138","Louisiana Tech","CUSA","15-10","+3.17","104.1","101.0","65.7","-.067","-1.95","102.3","104.2","-4.00"
"139","Samford","SC","15-11","+3.09","106.9","103.8","69.4","-.059","-2.80","103.3","106.1","-6.36"
"140","UTSA","CUSA","15-10","+3.07","106.2","103.2","72.4","+.001","-0.45","101.9","102.3","+4.54"
"141","Boise St.","MWC","11-13","+3.07","107.1","104.0","66.1","-.154","-1.19","102.6","103.8","+0.45"
"142","Saint Louis","A10","15-9","+2.62","99.3","96.7","66.6","+.054","-0.71","103.6","104.3","-0.97"
"143","Wright St.","Horz","15-11","+2.54","105.7","103.2","65.4","-.035","-1.34","104.9","106.2","+2.65"
"144","Colgate","Pat","15-10","+2.40","108.0","105.6","65.9","-.018","-2.60","101.9","104.5","+1.17"
"145","Bucknell","Pat","16-8","+2.20","106.0","103.8","70.3","+.097","-1.84","103.2","105.0","+3.11"
"146","Brown","Ivy","14-8","+2.11","100.1","98.0","70.6","+.016","-2.03","102.1","104.1","-4.97"
"147","San Diego St.","MWC","14-9","+2.05","106.6","104.5","66.2","+.037","-1.66","103.2","104.9","-0.95"
"148","Rhode Island","A10","12-11","+1.99","102.5","100.5","68.2","-.015","+0.66","102.2","101.5","-1.72"
"149","Louisiana Monroe","SB","13-10","+1.89","111.7","109.8","67.0","-.030","-2.76","102.2","105.0","-3.31"
"150","Coastal Carolina","SB","12-11","+1.85","105.2","103.3","68.5","-.101","-1.11","103.5","104.6","-1.19"
"151","UC Santa Barbara","BW","17-6","+1.71","106.4","104.7","63.6","+.042","-6.51","101.2","107.7","-6.41"
"152","Kent St.","MAC","17-6","+1.35","107.7","106.4","68.1","+.188","+0.15","103.7","103.6","-4.16"
"153","Lehigh","Pat","16-7","+1.18","110.0","108.9","71.3","+.089","-4.25","101.4","105.7","-0.82"
"154","Princeton","Ivy","12-7","+1.13","98.3","97.2","67.1","+.145","+1.87","104.9","103.0","-0.13"
"155","Eastern Michigan","MAC","10-13","+0.95","104.1","103.2","62.5","-.075","+6.99","108.1","101.2","+8.52"
"156","Sam Houston St.","Slnd","16-8","+0.54","102.0","101.5","66.8","+.041","-3.88","101.8","105.7","+4.19"
"157","UT Arlington","SB","12-12","+0.49","99.3","98.9","66.5","+.066","+2.99","105.1","102.1","+6.36"
"158","Pepperdine","WCC","12-13","+0.42","103.6","103.2","71.0","-.112","-1.97","103.0","104.9","-6.31"
"159","Stony Brook","AE","20-5","+0.28","99.2","98.9","68.8","+.124","-5.72","100.5","106.3","-2.86"
"160","UNLV","MWC","12-11","+0.20","107.4","107.2","68.2","-.013","-1.18","103.4","104.6","-2.65"
"161","Winthrop","BSth","16-8","+0.16","108.0","107.9","73.6","+.027","-4.10","101.8","105.9","+2.33"
"162","Missouri St.","MVC","13-12","+0.08","104.0","103.9","66.5","-.025","-1.76","102.2","104.0","-2.00"
"163","Duquesne","A10","16-8","+0.07","102.1","102.0","70.0","+.070","-3.55","101.0","104.5","-7.06"
"164","Abilene Christian","Slnd","19-5","+0.02","104.4","104.4","66.3","+.118","-7.42","99.3","106.7","-4.84"
"165","St. Bonaventure","A10","9-14","-0.10","99.2","99.4","65.0","-.105","+1.05","103.8","102.7","-0.45"
"166","Cal St. Fullerton","BW","10-13","-0.10","99.6","99.7","70.1","-.077","+1.95","104.5","102.6","+8.14"
"167","Southern Illinois","MVC","13-12","-0.24","103.7","103.9","64.8","+.014","-0.71","103.0","103.8","+0.26"
"168","Nebraska Omaha","Sum","14-9","-0.34","111.8","112.1","69.2","+.081","-2.29","103.3","105.6","+2.96"
"169","UT Rio Grande Valley","WAC","14-12","-0.62","97.2","97.8","70.5","+.040","-0.37","102.3","102.7","-0.70"
"170","Florida Atlantic","CUSA","14-11","-0.70","101.4","102.1","67.8","-.001","-0.99","102.6","103.6","-0.58"
"171","Mercer","SC","8-16","-1.03","104.4","105.5","66.5","-.197","+1.79","105.9","104.1","+0.33"
"172","NJIT","ASun","18-7","-1.09","100.2","101.3","67.3","+.134","-5.13","100.3","105.5","-3.57"
"173","New Mexico","MWC","10-13","-1.13","102.7","103.8","72.4","-.011","+2.37","106.0","103.6","-0.18"
"174","Seattle","WAC","13-10","-1.30","102.2","103.5","67.9","-.056","-5.83","101.3","107.1","-9.04"
"175","Illinois St.","MVC","14-11","-1.42","102.8","104.2","67.0","+.080","-0.08","103.1","103.2","+1.03"
"176","Wake Forest","ACC","9-13","-1.52","103.9","105.4","67.2","+.043","+4.85","106.2","101.4","-5.72"
"177","Washington St.","P12","10-14","-1.57","107.5","109.1","70.5","-.064","-0.33","104.1","104.5","-9.88"
"178","IUPUI","Horz","14-11","-1.72","101.7","103.4","70.1","-.030","-3.55","103.2","106.8","-3.40"
"179","Saint Joseph's","A10","11-13","-1.79","105.4","107.2","67.9","+.008","+0.58","102.7","102.1","+1.08"
"180","UAB","CUSA","14-11","-1.90","104.1","106.0","65.2","-.018","-3.97","100.4","104.4","-4.53"
"181","Presbyterian","BSth","15-11","-1.95","109.6","111.6","67.1","-.020","-4.03","101.9","105.9","-0.29"
"182","Weber St.","BSky","15-9","-1.99","102.2","104.2","71.0","+.002","-5.93","101.6","107.6","+1.38"
"183","Northern Colorado","BSky","16-8","-2.06","102.6","104.6","67.0","+.074","-6.42","101.1","107.5","-0.85"
"184","Marshall","CUSA","13-12","-2.13","105.0","107.1","74.7","+.099","+1.37","103.3","101.9","+2.16"
"185","Colorado St.","MWC","9-15","-2.31","108.5","110.8","67.2","-.081","+0.99","104.4","103.5","-2.35"
"186","Hawaii","BW","14-9","-2.34","102.0","104.3","66.0","+.030","-4.22","101.2","105.4","-4.38"
"187","Campbell","BSth","14-10","-2.37","106.4","108.7","65.5","-.003","-3.57","103.0","106.5","-1.07"
"188","Hartford","AE","12-12","-2.41","105.3","107.8","67.7","-.015","-2.60","102.6","105.2","+0.90"
"189","Santa Clara","WCC","13-12","-2.52","101.8","104.3","66.4","+.063","-0.99","104.0","105.0","-9.23"
"190","American","Pat","13-10","-2.57","101.1","103.7","66.5","-.078","-7.44","99.6","107.0","-10.33"
"191","Bradley","MVC","13-12","-2.58","100.1","102.7","65.7","-.009","-2.70","101.8","104.5","-3.68"
"192","Little Rock","SB","9-15","-2.70","101.8","104.5","71.5","-.163","-2.12","103.6","105.7","-1.97"
"193","Cal St. Bakersfield","WAC","15-9","-2.73","103.2","106.0","66.6","+.110","-1.95","103.1","105.0","-2.21"
"194","Purdue Fort Wayne","Sum","16-10","-2.86","107.9","110.7","71.5","+.077","-3.17","102.9","106.1","+1.13"
"195","Illinois Chicago","Horz","13-12","-2.88","101.0","103.9","69.8","+.020","-1.37","104.3","105.6","+1.18"
"196","Richmond","A10","10-14","-2.97","106.9","109.9","65.5","-.104","-4.26","100.0","104.3","-7.52"
"197","Evansville","MVC","10-15","-3.00","98.5","101.5","70.1","-.060","+0.52","104.0","103.5","+2.18"
"198","Appalachian St.","SB","8-16","-3.30","106.3","109.6","71.7","-.110","+2.46","104.7","102.2","+5.47"
"199","North Florida","ASun","10-16","-3.31","103.3","106.6","72.4","-.046","+3.03","104.2","101.1","+8.75"
"200","Pacific","WCC","13-13","-3.35","101.8","105.1","65.4","+.054","+0.37","105.1","104.7","-3.45"
"201","Dartmouth","Ivy","11-11","-3.36","106.4","109.8","66.0","-.040","-3.78","100.9","104.7","-4.46"
"202","Indiana St.","MVC","12-12","-3.48","100.2","103.7","69.3","+.044","+1.30","103.6","102.4","+3.98"
"203","Gardner Webb","BSth","15-10","-3.56","106.2","109.8","67.3","+.031","-4.01","101.9","105.9","-3.44"
"204","Cal Baptist","WAC","13-10","-3.59","106.6","110.2","69.4","-.049","-5.76","100.4","106.2","-6.38"
"205","Louisiana","SB","14-10","-3.62","104.9","108.6","73.4","+.106","-1.18","104.5","105.7","-1.63"
"206","Texas Southern","SWAC","12-11","-3.65","103.8","107.5","73.7","+.034","-2.11","101.4","103.5","+12.23"
"207","Charleston Southern","BSth","11-12","-3.72","103.2","106.9","70.5","-.088","-2.72","102.6","105.3","+3.36"
"208","Valparaiso","MVC","13-12","-3.77","98.8","102.6","64.4","+.039","-1.47","102.3","103.8","-2.77"
"209","North Dakota St.","Sum","13-12","-3.93","105.1","109.0","66.4","+.050","-1.72","104.6","106.3","+4.43"
"210","Ohio","MAC","11-11","-3.95","94.6","98.6","69.5","+.111","+2.03","106.1","104.0","-0.12"
"211","Rider","MAAC","12-12","-4.07","101.0","105.1","72.9","-.035","-5.66","100.2","105.8","+0.66"
"212","La Salle","A10","7-15","-4.12","100.4","104.5","69.6","-.061","+0.44","103.4","103.0","+1.89"
"213","High Point","BSth","13-11","-4.17","98.3","102.5","63.0","+.010","-3.83","102.8","106.6","-2.31"
"214","Northern Iowa","MVC","10-15","-4.27","102.2","106.5","64.3","+.015","+1.84","103.5","101.7","+4.69"
"215","Oakland","Horz","11-15","-4.48","108.7","113.2","67.4","+.004","-0.94","104.8","105.7","+1.95"
"216","Massachusetts","A10","9-15","-4.58","102.5","107.1","67.1","-.076","-1.70","102.0","103.7","-4.95"
"217","Green Bay","Horz","12-13","-4.58","105.4","110.0","74.5","+.060","+0.32","105.3","105.0","+7.29"
"218","Hampton","BSth","10-13","-4.96","104.8","109.8","70.9","-.125","-3.63","102.9","106.6","-1.89"
"219","Cornell","Ivy","12-10","-4.97","99.6","104.5","67.9","+.101","-1.27","103.4","104.7","-1.07"
"220","Holy Cross","Pat","13-12","-5.12","101.3","106.4","62.9","+.048","-4.10","101.6","105.7","-1.92"
"221","Rice","CUSA","10-15","-5.15","105.8","111.0","70.5","-.040","-0.29","102.1","102.4","+0.99"
"222","Florida Gulf Coast","ASun","10-16","-5.17","101.0","106.2","68.9","-.038","+0.76","103.9","103.2","+4.33"
"223","William & Mary","CAA","9-16","-5.23","103.4","108.6","68.3","-.033","+0.00","106.0","106.0","+3.52"
"224","Troy","SB","11-12","-5.36","107.5","112.8","66.8","+.047","-1.32","103.4","104.8","+0.51"
"225","UMBC","AE","15-10","-5.52","95.6","101.1","64.9","+.045","-6.44","99.4","105.8","-4.18"
"226","Fairleigh Dickinson","NEC","12-12","-5.59","105.6","111.2","67.6","-.031","-5.86","99.0","104.9","-0.76"
"227","Quinnipiac","MAAC","12-10","-5.77","102.8","108.6","66.1","+.013","-8.35","99.3","107.6","-6.61"
"228","The Citadel","SC","11-12","-5.82","105.2","111.1","75.3","+.069","+2.97","105.4","102.4","+0.94"
"229","South Alabama","SB","12-12","-5.91","100.7","106.6","66.5","-.012","-5.42","101.6","107.0","-8.02"
"230","Detroit","Horz","9-16","-5.99","103.5","109.5","68.4","-.020","+0.33","104.7","104.4","+5.44"
"231","Boston University","Pat","11-14","-6.02","103.1","109.1","66.6","-.041","-3.79","102.3","106.1","-4.18"
"232","FIU","CUSA","14-11","-6.02","100.9","106.9","79.0","+.113","-1.28","101.4","102.7","-2.60"
"233","Fordham","A10","10-13","-6.07","100.2","106.3","64.1","-.093","-6.08","98.9","105.0","-11.87"
"234","Long Beach St.","BW","9-16","-6.08","100.7","106.7","71.7","+.028","+2.00","104.8","102.8","+5.67"
"235","Drexel","CAA","12-14","-6.15","106.3","112.4","69.6","+.026","-2.81","103.3","106.1","-0.78"
"236","Lamar","Slnd","12-12","-6.18","101.7","107.8","68.2","-.021","-3.54","101.5","105.0","+2.70"
"237","Eastern Kentucky","OVC","11-14","-6.37","98.0","104.3","78.3","+.006","-1.90","103.0","104.9","+0.36"
"238","UC Davis","BW","8-14","-6.46","97.3","103.7","66.2","-.018","+2.12","103.8","101.7","+5.66"
"239","Sacred Heart","NEC","11-14","-6.54","101.9","108.5","72.3","-.079","-6.61","100.5","107.1","-0.82"
"240","Army","Pat","11-14","-6.90","95.9","102.8","70.0","-.001","-4.46","102.7","107.1","-4.27"
"241","Montana St.","BSky","11-12","-6.94","105.1","112.1","70.6","+.021","-4.87","102.7","107.5","+4.38"
"242","Prairie View A&M","SWAC","11-12","-7.16","99.7","106.9","70.6","+.042","-3.06","100.6","103.7","+6.52"
"243","Jacksonville","ASun","11-15","-7.19","98.5","105.7","71.6","-.015","-2.84","102.3","105.1","-3.88"
"244","UMKC","WAC","8-16","-7.28","98.8","106.1","66.7","-.055","+0.85","105.8","104.9","+1.43"
"245","Iona","MAAC","8-15","-7.57","105.6","113.1","72.0","-.077","-5.35","99.8","105.1","+0.72"
"246","Cal St. Northridge","BW","10-14","-7.62","106.6","114.3","70.3","-.003","-4.28","100.8","105.0","-3.14"
"247","Marist","MAAC","10-14","-7.66","101.5","109.2","64.7","-.061","-7.01","100.0","107.0","-2.71"
"248","Siena","MAAC","13-12","-7.68","101.0","108.7","60.4","+.077","-5.51","99.7","105.2","-1.21"
"249","Columbia","Ivy","6-14","-7.81","99.5","107.3","67.1","-.123","-2.89","102.6","105.5","-4.11"
"250","Robert Morris","NEC","13-12","-7.82","94.5","102.3","66.7","+.028","-7.06","101.6","108.7","-0.48"
"251","South Dakota","Sum","9-15","-7.88","98.0","105.8","66.6","-.046","-2.45","104.1","106.5","-0.30"
"252","Sacramento St.","BSky","9-11","-7.99","94.1","102.1","68.6","-.067","-4.51","102.6","107.1","-0.33"
"253","Arkansas St.","SB","10-14","-8.00","100.2","108.2","68.6","+.084","+0.17","105.3","105.1","+1.23"
"254","UMass Lowell","AE","13-12","-8.03","105.1","113.1","70.6","+.025","-5.87","98.9","104.8","-2.98"
"255","Canisius","MAAC","11-13","-8.15","100.4","108.5","68.6","+.117","-2.78","102.2","105.0","+3.02"
"256","Southeastern Louisiana","Slnd","11-13","-8.17","94.7","102.8","65.6","+.021","-4.67","101.1","105.8","+1.62"
"257","Delaware","CAA","15-11","-8.18","104.7","112.9","63.6","+.107","-5.98","101.7","107.7","-6.59"
"258","Air Force","MWC","10-13","-8.25","97.8","106.1","66.4","+.035","-2.20","102.6","104.8","-3.38"
"259","Youngstown St.","Horz","10-16","-8.39","102.7","111.1","67.1","-.015","-2.20","103.3","105.5","+0.39"
"260","Grambling St.","SWAC","12-11","-8.43","92.7","101.2","69.2","-.013","-6.88","99.2","106.0","+4.29"
"261","East Carolina","Amer","9-14","-8.45","95.6","104.0","68.6","+.009","-1.93","101.7","103.6","-11.99"
"262","St. Francis NY","NEC","14-11","-8.46","95.2","103.7","67.7","+.089","-6.31","101.3","107.7","-2.91"
"263","UTEP","CUSA","8-15","-8.49","91.6","100.1","68.5","-.075","-1.91","102.3","104.2","-1.41"
"264","Morehead St.","OVC","9-16","-8.49","103.1","111.6","67.5","+.031","+0.89","104.5","103.6","+5.41"
"265","George Washington","A10","7-16","-8.55","95.5","104.0","68.0","-.018","+0.24","102.7","102.4","-1.32"
"266","Norfolk St.","MEAC","13-11","-8.68","99.8","108.5","68.5","+.029","-6.45","98.9","105.4","+2.10"
"267","Chattanooga","SC","11-15","-8.69","102.6","111.3","66.8","+.039","-0.74","103.4","104.1","-2.11"
"268","Texas A&M Corpus Chris","Slnd","10-13","-8.69","95.5","104.2","65.9","-.028","-3.08","101.0","104.1","+4.68"
"269","California","P12","5-18","-8.72","105.5","114.2","66.9","+.013","+4.78","106.3","101.5","+0.81"
"270","Western Michigan","MAC","6-17","-8.79","100.0","108.8","68.9","-.049","+2.67","105.5","102.8","-3.18"
"271","Towson","CAA","9-16","-9.15","100.5","109.6","62.8","-.017","-3.27","103.2","106.5","-3.49"
"272","Middle Tennessee","CUSA","8-17","-9.26","95.5","104.8","68.3","+.054","+4.06","105.3","101.2","+10.85"
"273","Southern Utah","BSky","12-10","-9.26","96.4","105.6","70.9","+.091","-5.72","102.3","108.0","+1.29"
"274","St. Francis PA","NEC","12-11","-9.46","104.3","113.7","68.6","+.099","-5.15","101.6","106.8","+7.72"
"275","LIU Brooklyn","NEC","11-13","-9.52","98.7","108.2","71.5","-.008","-7.99","98.8","106.8","-4.97"
"276","Western Illinois","Sum","8-16","-9.54","98.4","107.9","67.0","-.150","-5.23","103.0","108.2","-4.76"
"277","Loyola MD","Pat","8-17","-9.63","100.6","110.2","68.8","-.027","-2.34","103.9","106.2","-1.03"
"278","New Orleans","Slnd","13-10","-9.64","93.0","102.6","68.3","+.072","-6.43","100.8","107.2","+6.82"
"279","James Madison","CAA","10-15","-9.64","100.6","110.3","65.3","+.017","-2.85","104.1","106.9","-2.70"
"280","Oral Roberts","Sum","10-17","-9.72","101.3","111.0","67.1","+.012","-0.63","105.7","106.3","+3.95"
"281","Albany","AE","8-16","-9.72","97.1","106.8","65.8","-.097","-5.62","100.6","106.2","-4.85"
"282","Longwood","BSth","13-13","-9.77","96.2","106.0","67.4","-.019","-7.20","101.1","108.3","-9.50"
"283","Houston Baptist","Slnd","7-14","-9.93","101.0","110.9","72.7","-.005","-1.69","102.2","103.9","+8.02"
"284","UNC Wilmington","CAA","8-18","-9.98","106.2","116.2","68.9","-.038","-2.02","104.5","106.5","+2.15"
"285","Western Carolina","SC","6-20","-10.02","100.9","110.9","69.1","-.013","+4.26","106.9","102.7","+5.13"
"286","Tennessee St.","OVC","8-16","-10.15","97.2","107.3","68.9","-.039","-0.54","102.9","103.4","+5.60"
"287","Central Arkansas","Slnd","10-14","-10.22","100.1","110.3","71.1","+.027","-1.36","101.8","103.2","+8.68"
"288","Stephen F. Austin","Slnd","12-10","-10.25","96.3","106.5","69.0","+.113","-3.80","102.1","105.9","+5.38"
"289","Eastern Washington","BSky","8-15","-10.34","99.4","109.7","67.7","+.031","-1.07","103.9","105.0","+7.68"
"290","Monmouth","MAAC","10-16","-10.37","92.3","102.7","66.9","+.052","-2.61","102.5","105.2","+4.63"
"291","Eastern Illinois","OVC","13-12","-10.40","100.4","110.8","67.0","+.155","-4.08","102.5","106.6","-4.08"
"292","North Dakota","Sum","9-16","-10.50","94.8","105.3","69.6","-.058","-1.74","104.9","106.6","+1.94"
"293","Central Connecticut","NEC","11-14","-10.55","100.2","110.7","68.9","+.036","-4.38","101.5","105.9","+3.83"
"294","Wagner","NEC","11-12","-10.56","94.1","104.7","64.0","+.049","-5.56","101.2","106.8","+0.30"
"295","Milwaukee","Horz","9-16","-10.57","98.4","108.9","66.0","+.040","-3.21","102.9","106.1","-2.37"
"296","Tulane","Amer","4-18","-10.70","95.2","105.9","69.2","-.024","+1.52","104.7","103.2","-4.13"
"297","Tennessee Martin","OVC","8-15","-11.05","102.9","113.9","68.1","-.043","-2.96","102.2","105.1","+0.34"
"298","Lafayette","Pat","7-16","-11.12","101.2","112.3","68.3","-.013","-3.49","102.0","105.5","-2.87"
"299","Charlotte","CUSA","6-18","-11.16","92.6","103.7","64.3","-.019","-0.73","102.7","103.4","+0.06"
"300","Bethune Cookman","MEAC","11-13","-11.51","93.6","105.2","71.8","-.009","-8.51","99.3","107.9","-1.12"
"301","North Carolina A&T","MEAC","12-11","-11.57","97.5","109.1","65.5","+.074","-6.02","100.0","106.1","+3.91"
"302","Portland St.","BSky","9-13","-11.65","99.7","111.3","68.9","-.007","-3.86","102.6","106.4","-0.74"
"303","Cleveland St.","Horz","7-19","-11.83","98.3","110.1","69.4","-.089","-2.11","104.5","106.6","+1.64"
"304","Navy","Pat","8-15","-11.87","94.9","106.7","67.1","+.054","-2.03","102.8","104.8","+0.21"
"305","Fairfield","MAAC","7-18","-11.98","95.2","107.2","68.4","-.060","-6.74","100.2","106.9","-2.82"
"306","Denver","Sum","7-18","-12.07","101.1","113.2","66.9","-.047","-2.18","103.4","105.5","-1.00"
"307","Niagara","MAAC","11-14","-12.25","101.5","113.8","69.6","+.036","-8.48","98.1","106.6","-7.95"
"308","Florida A&M","MEAC","10-15","-12.29","91.9","104.2","64.7","-.019","-5.13","100.2","105.3","+5.00"
"309","North Alabama","ASun","8-18","-12.33","94.0","106.3","68.2","+.045","+2.66","104.8","102.2","+7.62"
"310","VMI","SC","7-17","-12.64","99.0","111.6","71.3","-.034","+1.36","105.1","103.7","-0.46"
"311","Howard","MEAC","11-13","-13.05","99.2","112.2","71.2","-.035","-7.79","98.9","106.7","+0.49"
"312","Wyoming","MWC","6-17","-13.09","94.7","107.8","68.6","-.004","-1.17","103.6","104.8","-2.95"
"313","Idaho St.","BSky","9-13","-13.33","103.6","116.9","65.6","+.074","-2.60","103.0","105.6","+8.14"
"314","Northern Arizona","BSky","7-16","-13.35","99.8","113.2","68.3","-.000","-5.28","102.0","107.2","+0.77"
"315","North Carolina Central","MEAC","11-13","-13.41","94.9","108.3","65.9","-.039","-9.37","98.0","107.3","+2.10"
"316","Alabama St.","SWAC","8-13","-13.72","95.2","108.9","67.2","+.017","-2.25","101.8","104.0","+13.29"
"317","Southeast Missouri St.","OVC","8-17","-13.79","94.5","108.3","67.4","-.047","-4.81","101.4","106.2","-3.32"
"318","McNeese St.","Slnd","7-16","-14.04","102.4","116.5","66.5","-.086","-5.16","100.9","106.1","+4.14"
"319","Maine","AE","5-20","-14.37","93.8","108.2","64.4","-.061","-0.54","102.7","103.3","+3.00"
"320","Nicholls St.","Slnd","11-12","-14.46","97.7","112.1","68.2","+.115","-4.30","102.4","106.7","+4.15"
"321","Jackson St.","SWAC","9-14","-14.55","87.6","102.2","65.7","+.035","-4.71","100.7","105.4","+4.36"
"322","Saint Peter's","MAAC","6-17","-14.93","92.8","107.7","64.0","-.015","-6.14","100.2","106.3","-2.05"
"323","Elon","CAA","8-18","-14.98","95.1","110.1","67.5","+.019","-2.44","104.5","106.9","-3.46"
"324","Morgan St.","MEAC","8-15","-15.41","92.1","107.5","72.7","-.019","-9.39","98.8","108.2","+0.20"
"325","UC Riverside","BW","8-17","-15.41","99.5","114.9","63.6","-.035","-3.41","101.4","104.8","-2.08"
"326","Tennessee Tech","OVC","7-18","-15.42","89.7","105.1","68.5","-.027","-2.10","104.5","106.6","+1.05"
"327","SIU Edwardsville","OVC","8-16","-15.42","96.6","112.0","69.0","+.024","-3.59","102.8","106.4","-4.28"
"328","Portland","WCC","7-19","-15.46","93.4","108.8","68.3","-.002","-0.66","102.4","103.1","-5.95"
"329","Manhattan","MAAC","7-17","-15.59","87.2","102.8","63.4","-.019","-6.69","99.7","106.4","-2.89"
"330","Mount St. Mary's","NEC","6-19","-16.12","94.4","110.5","67.0","-.012","-2.82","103.3","106.1","+6.03"
"331","USC Upstate","BSth","6-20","-16.24","92.4","108.7","68.7","-.046","-2.75","103.1","105.8","-1.38"
"332","Arkansas Pine Bluff","SWAC","8-15","-16.37","94.3","110.7","66.7","+.068","-3.05","101.5","104.6","+6.73"
"333","Cal Poly","BW","5-17","-16.64","93.4","110.1","64.3","-.093","-4.27","101.8","106.0","-1.10"
"334","Bryant","NEC","8-15","-16.73","96.9","113.6","67.3","+.073","-6.64","100.0","106.6","-2.66"
"335","Stetson","ASun","5-20","-17.01","96.8","113.9","68.9","-.061","-1.15","101.8","103.0","-2.58"
"336","South Carolina St.","MEAC","5-20","-17.60","97.0","114.6","66.4","-.050","-3.51","101.9","105.4","+7.05"
"337","Northwestern St.","Slnd","9-15","-18.87","89.8","108.7","68.5","+.097","-4.20","101.1","105.3","+4.10"
"338","Binghamton","AE","7-18","-19.03","92.3","111.3","66.0","+.023","-4.65","99.9","104.5","-3.01"
"339","Kennesaw St.","ASun","5-20","-19.07","91.1","110.2","67.7","+.016","+0.57","102.8","102.3","+4.07"
"340","Southern","SWAC","3-20","-19.45","95.2","114.6","66.4","-.118","-3.57","100.8","104.4","+8.34"
"341","San Jose St.","MWC","3-19","-19.98","91.0","110.9","67.7","-.045","-0.09","104.4","104.5","-4.29"
"342","Savannah St.","MEAC","8-15","-20.15","95.5","115.6","76.4","+.082","-6.36","99.5","105.9","+4.79"
"343","Incarnate Word","Slnd","6-17","-20.83","98.2","119.0","64.6","-.062","-3.84","101.3","105.1","+4.75"
"344","Alabama A&M","SWAC","5-19","-21.10","87.0","108.1","66.6","-.012","-6.29","99.5","105.8","+0.97"
"345","Coppin St.","MEAC","5-20","-21.12","87.5","108.6","70.0","+.024","-3.74","101.7","105.4","+7.68"
"346","Alcorn St.","SWAC","8-14","-22.50","88.9","111.4","65.7","+.014","-5.73","99.3","105.0","+8.49"
"347","Idaho","BSky","4-19","-23.01","95.8","118.8","64.6","-.035","-5.62","102.1","107.8","-2.84"
"348","UNC Asheville","BSth","3-22","-23.38","92.2","115.6","62.1","-.039","+0.40","105.4","105.0","+4.97"
"349","Mississippi Valley St.","SWAC","3-21","-25.52","89.3","114.8","68.7","-.044","-2.86","100.5","103.3","+7.25"
"350","New Hampshire","AE","3-20","-25.90","83.3","109.2","65.7","-.024","-5.66","101.4","107.0","-3.74"
"351","Chicago St.","WAC","3-21","-27.00","89.8","116.8","70.1","-.009","+4.59","105.7","101.1","+6.45"
"352","Delaware St.","MEAC","4-19","-28.81","86.5","115.3","68.8","+.002","-5.63","100.2","105.8","+1.69"
"353","Maryland Eastern Shore","MEAC","4-22","-31.60","84.7","116.3","62.3","+.005","-2.66","102.1","104.7","+7.44"
